time,open,high,low,close,volume
2026-07-05 18:00:00.964,4187.6,4193.6,4186.9,4190.4,111
2026-07-05 18:00:01.028,4186,4199.6,4181.6,4191.7,51
2026-07-05 19:28:03.280,4189.7,4205.6,4184.3,4196.3,14131
2026-07-05 19:28:05.696,4194.9,4211.6,4193.6,4202.9,492
2026-07-05 20:01:27.572,4201.3,4214.3,4187.6,4197.7,11698
2026-07-05 21:37:46.884,4198.6,4211.6,4181.7,4200.9,30268
2026-07-05 22:30:04.316,4200.2,4215.9,4187.6,4197.8,14848
2026-07-05 22:36:01.648,4198.7,4199.6,4181.6,4190.4,1948
2026-07-05 23:20:46.904,4192,4193.6,4175.6,4184.2,8896
2026-07-06 00:33:26.132,4185.9,4187.6,4169.6,4178.2,8581
2026-07-06 01:13:34.324,4179.9,4181.6,4163.6,4172.2,5216
2026-07-06 01:59:35.892,4173.9,4175.6,4157.6,4166.2,8378
2026-07-06 05:30:38.420,4167.9,4178,4151.6,4162.3,30179
2026-07-06 08:42:12.956,4162.9,4172.4,4145.6,4156.6,27613
2026-07-06 13:24:00.680,4157.1,4169.6,4140.5,4159.2,70821
2026-07-06 14:33:18.088,4158.4,4175.6,4157.6,4166.8,9052
2026-07-06 16:59:58.336,4165.2,4179.7,4163.6,4171.2,11158
2026-07-06 19:56:09.232,4177.1,4181.2,4171.1,4175.1,8483
2026-07-06 20:12:01.624,4179.1,4183.1,4165.1,4173.1,2828
2026-07-06 20:59:01.832,4175.1,4177.1,4159.1,4167.6,9713
2026-07-06 21:00:07.400,4169.4,4171.1,4153.1,4161.7,1145
2026-07-06 21:16:42.704,4163.4,4165.1,4147.1,4155.7,6126
2026-07-06 21:27:27.260,4157.4,4159.1,4141.1,4149.7,3439
2026-07-07 01:01:48.700,4151.4,4158.5,4135.1,4145,34837
2026-07-07 01:40:04.592,4146.1,4147.1,4129.1,4137.8,8242
2026-07-07 07:18:47.408,4139.5,4153.1,4127.7,4143.3,40671
2026-07-07 07:36:07.144,4142.2,4159.1,4141.1,4150.4,3456
2026-07-07 07:58:46.080,4148.7,4165.1,4147.1,4156.5,4486
2026-07-07 08:03:45.448,4154.8,4171.1,4153.1,4162.5,2501
2026-07-07 08:09:41.884,4160.8,4177.1,4159.1,4168.5,2702
2026-07-07 08:09:53.264,4166.8,4183.1,4165.1,4174.5,944
2026-07-07 09:00:23.704,4172.8,4189.1,4171.1,4180.5,18353
2026-07-07 10:04:38.756,4178.8,4192.6,4165.1,4175.4,32213
2026-07-07 10:35:16.676,4176.3,4177.1,4159.1,4167.9,11786
2026-07-07 11:18:27.320,4169.5,4171.1,4153.1,4161.7,12750
2026-07-07 11:55:28.364,4163.4,4165.1,4147.1,4155.7,7080
2026-07-07 14:51:19.324,4157.4,4159.9,4141.1,4149.9,20416
2026-07-07 15:00:43.824,4151.5,4153.1,4135.1,4143.7,3743
2026-07-07 15:01:24.380,4145.4,4147.1,4129.1,4137.7,864
2026-07-07 15:07:15.180,4139.4,4141.1,4123.1,4131.7,2392
2026-07-07 15:11:20.164,4133.4,4135.1,4117.1,4125.7,2820
2026-07-07 15:15:40.772,4127.4,4129.1,4111.1,4119.7,2579
2026-07-07 15:18:30.748,4121.4,4123.1,4105.1,4113.7,2790
2026-07-07 16:59:59.704,4115.4,4128.8,4102.4,4115.8,18787
2026-07-07 18:03:52.748,4110,4116,4104.1,4111.5,1520
2026-07-07 20:35:05.632,4107.8,4122,4104,4113.9,22128
2026-07-07 20:38:34.960,4112,4128,4110,4119.5,1587
2026-07-07 20:40:04.176,4117.7,4134,4116,4125.4,1221
2026-07-07 21:06:34.504,4123.7,4137.3,4110,4120.3,11045
2026-07-07 22:26:36.596,4121.1,4134,4106.8,4124,21738
2026-07-07 23:09:19.164,4123,4140,4122,4131.2,7948
2026-07-08 02:24:37.608,4129.6,4146,4128,4137.4,26375
2026-07-08 04:16:49.912,4135.7,4146.4,4122,4131.5,16651
2026-07-08 04:16:58.336,4132.8,4134,4116,4124.7,550
2026-07-08 04:17:33.408,4126.3,4128,4110,4118.6,1427
2026-07-08 04:17:57.604,4120.3,4122,4104,4112.6,1360
2026-07-08 04:17:57.688,4114.3,4116,4098,4106.6,427
2026-07-08 04:18:36.380,4108.3,4110,4092,4100.6,2550
2026-07-08 04:36:34.656,4102.3,4108.3,4086,4095.6,13238
2026-07-08 04:39:23.980,4096.8,4098,4080,4088.7,2234
2026-07-08 04:40:48.040,4090.4,4092,4074,4082.6,1293
2026-07-08 04:56:39.908,4084.3,4087,4068,4076.8,9720
2026-07-08 05:01:19.972,4078.4,4080,4062,4070.6,2826
2026-07-08 05:43:15.580,4072.3,4074,4056,4064.6,12435
2026-07-08 07:46:34.664,4066.3,4080,4050.1,4069.1,28409
2026-07-08 08:18:54.648,4068.5,4086,4068,4077.1,11328
2026-07-08 08:46:27.120,4075.6,4092,4074,4083.4,8556
2026-07-08 10:14:53.488,4081.7,4097,4068,4078.7,35949
2026-07-08 10:36:08.112,4079.3,4080,4062,4070.8,9733
2026-07-08 10:37:19.024,4072.4,4074,4056,4064.6,1163
2026-07-08 10:43:45.916,4066.3,4068,4050,4058.6,4200
2026-07-08 10:47:06.380,4060.3,4062,4044,4052.6,3837
2026-07-08 11:16:37.256,4054.3,4057,4038,4046.8,12229
2026-07-08 12:43:19.676,4048.4,4062,4032.3,4051.2,26731
2026-07-08 12:44:50.680,4050.6,4068,4050,4059.1,817
2026-07-08 12:55:08.104,4057.6,4074,4056,4065.4,3745
2026-07-08 13:14:26.820,4063.7,4080,4062,4071.4,4815
2026-07-08 13:30:48.620,4069.7,4086,4068,4077.4,5376
2026-07-08 14:46:12.608,4075.7,4092,4073.7,4083.4,15010
2026-07-08 14:47:41.000,4081.7,4098,4080,4089.4,1090
2026-07-08 16:59:59.652,4087.7,4102,4081.3,4089.3,17958
2026-07-08 18:04:03.004,4088.5,4089.1,4082.5,4085.6,767
2026-07-08 21:03:37.444,4090.1,4099.3,4076.5,4085.6,23744
2026-07-08 23:09:07.368,4087,4091.8,4070.5,4080,25196
2026-07-08 23:13:17.852,4081.2,4082.5,4064.5,4073.2,1847
2026-07-09 01:49:49.068,4074.8,4088.5,4063.3,4078.8,22962
2026-07-09 02:00:08.440,4077.6,4094.5,4076.5,4085.8,2367
2026-07-09 02:00:17.592,4084.1,4100.5,4082.5,4091.9,623
2026-07-09 02:00:19.660,4090.2,4106.5,4088.5,4097.9,483
2026-07-09 02:27:21.784,4096.2,4112.5,4094.5,4103.9,8002
2026-07-09 03:02:02.124,4102.2,4118.5,4100.5,4109.9,7999
2026-07-09 04:21:15.928,4108.2,4124.5,4106.5,4115.9,11561
2026-07-09 08:38:11.972,4114.2,4130.5,4102.7,4119.5,39886
2026-07-09 09:17:28.236,4119,4136.5,4116.1,4127,12737
2026-07-09 10:03:58.916,4125.8,4142.5,4124.5,4133.8,18732
2026-07-09 12:32:36.092,4132.2,4148.5,4123.6,4138.2,35414
2026-07-09 16:59:59.752,4137.3,4148.8,4127.9,4136.7,29660
2026-07-09 20:24:38.832,4134.6,4136.6,4128.6,4132.1,9902
2026-07-09 21:39:35.260,4136.4,4140.7,4122.6,4130.6,17508
2026-07-10 03:43:57.132,4132.6,4144.8,4116.6,4127.6,50302
2026-07-10 04:34:35.264,4128.1,4128.6,4110.6,4119.5,6298
2026-07-10 04:49:23.264,4121,4122.6,4104.6,4113.2,2696
2026-07-10 09:27:45.508,4114.9,4127,4098.6,4109.8,43412
2026-07-10 10:33:01.516,4110.2,4118.7,4092.6,4103.5,27308
2026-07-10 10:33:06.604,4104.1,4104.6,4086.6,4095.5,971
2026-07-10 10:44:39.732,4097,4110.6,4081.3,4099.9,9370
2026-07-10 10:49:54.752,4099.2,4116.6,4098.6,4107.8,1900
2026-07-10 11:59:01.160,4106.2,4122.6,4100.2,4112.9,16036
2026-07-10 16:53:34.688,4111.7,4128.6,4105.5,4118.6,31342
2026-07-10 16:59:58.100,4117.6,4129.4,4116.6,4123.1,677
2026-07-12 18:00:00.672,4107,4109.6,4101,4104.6,156
2026-07-12 18:00:00.844,4108.8,4113,4095,4103,57
2026-07-12 18:12:50.200,4105,4111.6,4089,4098.6,6178
2026-07-12 18:48:43.760,4099.8,4101,4083,4091.7,6295
2026-07-12 18:48:45.236,4093.4,4095,4077,4085.6,465
2026-07-12 20:34:52.492,4087.3,4099.7,4071,4082.2,24353
2026-07-12 21:32:36.080,4082.6,4095,4069,4085.4,19446
2026-07-12 23:05:19.800,4084.2,4098.3,4071,4081.1,22096
2026-07-12 23:11:24.080,4082.1,4083,4065,4073.8,2328
2026-07-13 00:15:21.292,4075.4,4077,4059,4067.6,9608
2026-07-13 02:06:29.536,4069.3,4080.8,4053,4064,21731
2026-07-13 04:06:04.264,4064.5,4077,4051.7,4067.6,19293
2026-07-13 04:12:50.024,4066.3,4083,4065,4074.3,1731
2026-07-13 04:23:39.168,4072.7,4089,4071,4080.4,2734
2026-07-13 06:41:51.004,4078.7,4089.2,4065,4074.5,13636
2026-07-13 06:42:01.148,4075.7,4077,4059,4067.7,638
2026-07-13 09:51:49.836,4069.3,4076.6,4053,4063,39150
2026-07-13 10:00:32.364,4064,4065,4047,4055.7,6492
2026-07-13 10:06:55.152,4057.4,4059,4041,4049.6,4990
2026-07-13 10:16:45.012,4051.3,4053,4035,4043.6,6536
2026-07-13 10:16:45.664,4045.3,4047,4029,4037.6,711
2026-07-13 10:16:47.308,4039.3,4041,4023,4031.6,855
2026-07-13 10:17:03.992,4033.3,4035,4017,4025.6,2214
2026-07-13 10:21:42.764,4027.3,4032.9,4011,4020.5,10225
2026-07-13 10:26:10.728,4021.8,4035,4009.4,4025.3,5591
2026-07-13 10:38:10.336,4024.1,4036.1,4011,4020.6,8296
2026-07-13 12:33:18.756,4021.8,4027.7,4005,4014.9,29515
2026-07-13 12:35:29.760,4015.9,4017,3999,4007.7,2939
2026-07-13 12:55:06.936,4009.4,4011,3993,4001.6,7712
2026-07-13 16:59:59.660,4003.3,4013.5,3993,4004.6,35597
2026-07-13 18:00:01.596,4008.7,4014.7,4007.5,4011.4,140
2026-07-13 20:07:33.072,4007,4016.6,3990.7,4001.3,15802
2026-07-13 21:58:14.936,4002,4014.7,3990.1,4005.4,27645
2026-07-13 22:11:22.776,4004,4020.7,4002.7,4012,3742
2026-07-14 00:32:28.200,4010.4,4026.7,4008.7,4018.1,17388
2026-07-14 01:30:05.148,4016.4,4032.7,4014.7,4024.1,6282
2026-07-14 01:42:32.440,4022.4,4038.7,4020.7,4030.1,3108
2026-07-14 08:30:00.124,4028.4,4044.7,4020.1,4034.5,47887
2026-07-14 08:30:01.192,4033.6,4050.7,4032.7,4041.9,431
2026-07-14 08:30:01.228,4040.3,4056.7,4038.7,4048.1,203
2026-07-14 08:30:01.244,4046.4,4062.7,4044.7,4054.1,184
2026-07-14 08:30:02.412,4052.4,4068.7,4050.7,4060.1,359
2026-07-14 08:30:03.896,4058.4,4074.7,4056.7,4066.1,296
2026-07-14 08:30:03.932,4064.4,4080.7,4062.7,4072.1,142
2026-07-14 08:30:07.812,4070.4,4086.7,4068.7,4078.1,450
2026-07-14 08:30:08.808,4076.4,4092.7,4074.7,4084.1,262
2026-07-14 08:30:17.380,4082.4,4098.7,4080.7,4090.1,880
2026-07-14 08:32:07.536,4088.4,4104.7,4082.1,4095,6111
2026-07-14 08:33:14.088,4093.8,4110.7,4092.7,4102,3132
2026-07-14 08:51:27.632,4100.3,4112.6,4086.7,4096.6,19947
2026-07-14 08:54:51.084,4097.6,4098.7,4080.7,4089.4,2272
2026-07-14 11:08:26.108,4091.1,4104.7,4076.5,4094.2,58532
2026-07-14 11:41:22.828,4093.5,4108.5,4080.7,4090.8,11083
2026-07-14 11:42:12.216,4091.8,4092.7,4074.7,4083.5,947
2026-07-14 12:05:24.968,4085.1,4086.7,4068.7,4077.3,8065
2026-07-14 13:14:20.128,4079,4080.7,4062.7,4071.3,11376
2026-07-14 14:41:23.960,4073,4074.7,4056.7,4065.3,11234
2026-07-14 14:43:48.520,4067,4068.7,4050.7,4059.3,1981
2026-07-14 16:59:59.892,4061,4064.2,4049.2,4058.2,13437
2026-07-14 20:29:20.892,4058.7,4064.7,4052.7,4060.2,14345
2026-07-14 22:01:44.108,4056.4,4068.8,4040.7,4051.7,20166
2026-07-14 23:30:57.456,4052.2,4052.7,4034.7,4043.6,16387
2026-07-15 01:30:03.600,4045.1,4046.7,4028.7,4037.3,13706
2026-07-15 08:30:01.212,4039,4052.7,4023.2,4041.9,55692
2026-07-15 08:30:02.288,4041.3,4058.7,4040.7,4049.9,509
2026-07-15 08:35:25.368,4048.3,4064.7,4046.7,4056.1,5140
2026-07-15 08:37:39.552,4054.4,4070.7,4052.7,4062.1,2037
2026-07-15 08:58:26.368,4060.4,4076.7,4058.7,4068.1,8833
2026-07-15 11:14:20.872,4066.4,4080.8,4052.7,4063.2,43186
2026-07-15 11:20:33.612,4063.9,4064.7,4046.7,4055.5,2906
2026-07-15 12:19:47.080,4057.1,4058.7,4040.7,4049.3,11726
2026-07-15 12:35:15.488,4051,4052.7,4034.7,4043.3,4055
2026-07-15 13:30:18.144,4045,4058.7,4032.8,4048.8,14722
2026-07-15 13:35:44.400,4047.7,4064.7,4046.7,4056,2781
2026-07-15 13:46:15.868,4054.3,4070.7,4052.7,4062.1,3248
2026-07-15 14:07:08.516,4060.4,4076.7,4058.7,4068.1,5675
2026-07-15 14:29:54.964,4066.4,4082.7,4064.7,4074.1,4840
2026-07-15 14:31:52.920,4072.4,4088.7,4070.7,4080.1,1946
2026-07-15 15:00:32.268,4078.4,4089,4064.7,4074.2,7646
2026-07-15 15:33:52.828,4075.5,4076.7,4058.7,4067.4,6286
2026-07-15 16:59:59.700,4069,4070.7,4055.2,4065.5,7511
2026-07-15 19:24:31.848,4069.3,4072,4063.3,4067,6001
2026-07-15 20:56:04.928,4071.1,4075.3,4057.3,4065.3,10560
2026-07-15 20:59:38.264,4067.3,4069.3,4051.3,4059.8,1244
2026-07-15 21:18:20.076,4061.5,4063.3,4045.3,4053.9,7384
2026-07-15 22:05:35.272,4055.6,4057.3,4039.3,4047.9,9705
2026-07-15 22:39:06.280,4049.6,4051.3,4033.3,4041.9,6522
2026-07-16 02:35:05.036,4043.6,4045.3,4027.3,4035.9,28458
2026-07-16 08:16:15.516,4037.6,4049.2,4021.3,4032.3,48445
2026-07-16 08:40:10.956,4032.8,4034.9,4015.3,4024.6,12784
2026-07-16 08:43:47.628,4025.9,4027.3,4009.3,4018,3270
2026-07-16 08:50:00.424,4019.6,4021.3,4003.3,4011.9,5639
2026-07-16 08:55:17.412,4013.6,4015.3,3997.3,4005.9,3823
2026-07-16 09:02:38.444,4007.6,4009.3,3991.3,3999.9,5998
2026-07-16 09:02:40.632,4001.6,4003.3,3985.3,3993.9,924
2026-07-16 09:04:50.880,3995.6,3997.3,3979.3,3987.9,3987
2026-07-16 09:24:22.140,3989.6,4003.3,3977.3,3993.4,10533
2026-07-16 09:29:39.308,3992.3,4009.3,3991.3,4000.6,2808
2026-07-16 11:25:11.208,3998.9,4015.3,3985.5,4003.8,44016
2026-07-16 11:25:55.824,4003.5,4021.3,4003.3,4012.4,1245
2026-07-16 12:12:59.620,4010.8,4021.6,3997.3,4006.8,13856
2026-07-16 12:19:16.016,4008,4009.3,3991.3,4000,2649
2026-07-16 13:40:39.124,4001.6,4003.3,3985.3,3993.9,18012
2026-07-16 15:35:03.396,3995.6,3997.3,3979.3,3987.9,17847
2026-07-16 16:59:59.156,3989.6,3991.3,3973.7,3983.7,10385
2026-07-16 19:58:48.372,3981.9,3987.9,3976.8,3983.6,9518
2026-07-16 20:18:13.100,3979.8,3993.9,3975.9,3985.9,3521
2026-07-16 23:18:19.824,3983.9,3999.9,3974,3989.4,40335
2026-07-16 23:19:53.068,3988.7,4005.9,3987.9,3997.1,1272
2026-07-16 23:20:29.240,3995.5,4011.9,3993.9,4003.3,824
2026-07-17 00:34:18.176,4001.6,4012.3,3987.9,3997.4,13662
2026-07-17 01:06:25.268,3998.7,3999.9,3981.9,3990.6,4607
2026-07-17 02:18:14.804,3992.2,4005.9,3978.5,3995.6,16382
2026-07-17 08:39:56.280,3994.8,4010.9,3981.9,3992.4,49410
2026-07-17 08:43:02.680,3993.1,3993.9,3975.9,3984.7,1844
2026-07-17 08:43:08.240,3986.3,3987.9,3969.9,3978.5,1357
2026-07-17 09:01:33.676,3980.2,3981.9,3963.9,3972.5,11001
2026-07-17 09:38:06.092,3974.2,3987.9,3962.9,3978.2,18306
2026-07-17 09:38:33.004,3977.1,3993.9,3975.9,3985.2,1024
2026-07-17 09:39:19.440,3983.5,3999.9,3981.9,3991.3,1575
2026-07-17 09:39:22.132,3989.6,4005.9,3987.9,3997.3,417
2026-07-17 11:04:25.508,3995.6,4011.9,3984.6,4001,37009
2026-07-17 11:04:27.276,4000.5,4017.9,3999.9,4009,881
2026-07-17 11:52:50.160,4007.5,4023.9,4005.9,4015.3,18070
2026-07-17 16:59:59.564,4013.6,4029,4006.8,4018.1,44884
2026-07-19 18:00:00.760,4006.4,4006.7,4000.4,4003.5,117
2026-07-19 19:12:22.404,4007.9,4012.4,3994.4,4002.3,9441
2026-07-19 20:01:52.932,4004.3,4006.4,3988.4,3996.9,6798
2026-07-19 20:59:37.816,3998.6,4012.4,3986.6,4002.5,13088
2026-07-19 21:01:57.080,4001.5,4018.4,4000.4,4009.7,2168
2026-07-19 21:11:09.136,4008,4024.4,4006.4,4015.8,3424
2026-07-19 21:43:40.272,4014.1,4025.9,4000.4,4010.2,6978
2026-07-19 22:48:05.728,4011.3,4024.4,4000,4015,8888
2026-07-19 22:48:49.044,4013.7,4030.4,4012.4,4021.7,937
2026-07-20 03:00:30.888,4020.1,4033.8,4006.4,4016.7,25332
2026-07-20 04:04:06.744,4017.5,4030.4,4006.2,4021.1,9484
2026-07-20 07:30:33.324,4019.8,4036.4,4018.4,4027.7,18253
2026-07-20 07:30:38.220,4026.1,4042.4,4024.4,4033.8,549
2026-07-20 08:02:31.920,4032.1,4046.1,4018.4,4028.8,9930
2026-07-20 08:22:18.340,4029.6,4030.4,4012.4,4021.2,6294
2026-07-20 10:02:31.156,4022.8,4024.4,4006.4,4015,22588
2026-07-20 12:41:23.528,4016.7,4023.9,4000.4,4010.3,31473
2026-07-20 16:59:59.956,4011.4,4022.4,4000,4011.4,23499
2026-07-20 18:50:11.624,4010.6,4014.3,4004.6,4008.5,4875
2026-07-20 20:42:26.780,4012.6,4028.6,4003.1,4018.2,18699
2026-07-20 21:14:37.980,4017.4,4034.6,4016.6,4025.8,9345
2026-07-20 21:19:46.444,4024.2,4040.6,4022.6,4032,2386
2026-07-20 22:36:34.704,4030.3,4046.6,4025.4,4037.2,15174
2026-07-20 23:26:41.064,4035.9,4052.6,4034.6,4043.9,11424
2026-07-21 01:15:03.464,4042.3,4058.6,4040.6,4050,13928
2026-07-21 01:33:08.124,4048.3,4064.6,4046.6,4056,3505
2026-07-21 01:42:44.236,4054.3,4070.6,4052.6,4062,3008
2026-07-21 02:13:35.084,4060.3,4076.6,4058.6,4068,6853
2026-07-21 02:41:41.808,4066.3,4082.6,4064.6,4074,5761
2026-07-21 08:37:25.628,4072.3,4088.4,4058.6,4069.5,49509
2026-07-21 09:31:36.132,4070,4070.6,4052.6,4061.5,15089
2026-07-21 10:30:41.992,4063,4076.6,4048.2,4066.1,23402
2026-07-21 11:17:20.328,4065.4,4082.6,4064.6,4073.8,14402
2026-07-21 14:25:22.412,4072.2,4088.6,4070.6,4080,29040
2026-07-21 16:59:59.700,4078.3,4092.2,4076.6,4082.2,17280
2026-07-21 18:38:29.492,4082.9,4088.9,4080.5,4085.3,3074
2026-07-21 20:07:40.060,4081.1,4094.9,4076.9,4086.9,8320
2026-07-21 20:17:03.356,4084.9,4100.9,4082.9,4092.4,3113
2026-07-21 20:30:14.320,4090.7,4106.9,4088.9,4098.3,4121
2026-07-21 21:00:55.824,4096.6,4112.9,4094.2,4104.2,9437
2026-07-21 21:06:11.072,4102.5,4118.9,4100.9,4110.3,3483
2026-07-21 21:14:13.928,4108.6,4124.9,4106.9,4116.3,3999
2026-07-21 22:32:06.612,4114.6,4130.9,4112.9,4122.3,17461
2026-07-21 23:03:06.380,4120.6,4136.9,4118.9,4128.3,6867
2026-07-21 23:07:12.292,4126.6,4142.9,4124.9,4134.3,1737
2026-07-22 02:28:12.020,4132.6,4146.2,4118.9,4129.2,30845
2026-07-22 08:56:53.840,4130,4139.5,4112.9,4123.8,54631
2026-07-22 09:23:05.120,4124.4,4136.9,4110.5,4127.2,9187
2026-07-22 09:30:27.608,4126,4142.9,4124.9,4134.2,3348
2026-07-22 09:31:46.856,4132.5,4148.9,4130.9,4140.3,1983
2026-07-22 09:48:41.592,4138.6,4154.9,4136.9,4146.3,10311
2026-07-22 09:59:31.612,4144.6,4160.9,4142.9,4152.3,5243
2026-07-22 10:02:15.200,4150.6,4166.9,4148.9,4158.3,2557
2026-07-22 14:01:58.504,4156.6,4171.3,4142.9,4153.4,60300
2026-07-22 15:52:04.428,4154.2,4154.9,4136.9,4145.7,14347
2026-07-22 16:59:59.896,4147.3,4148.9,4133.1,4141.1,6642
2026-07-22 18:00:00.504,4132,4132,4126,4129,77
2026-07-22 18:00:01.240,4133.5,4138,4120,4127.9,203
2026-07-22 18:00:01.612,4129.9,4132,4114,4122.5,111
2026-07-22 18:00:02.156,4124.2,4126,4108,4116.6,179
2026-07-22 18:00:02.248,4118.3,4120,4102,4110.6,54
2026-07-22 18:00:02.572,4112.3,4114,4096,4104.6,188
2026-07-22 18:00:02.976,4106.3,4108,4090,4098.6,195
2026-07-22 18:00:09.308,4100.3,4102,4084,4092.6,126
2026-07-22 18:00:09.312,4094.3,4096,4078,4086.6,84
2026-07-22 18:00:13.404,4088.3,4102,4073.6,4091.5,338
2026-07-22 18:00:14.316,4090.7,4108,4090,4099.2,31
2026-07-22 18:00:18.908,4097.6,4114,4096,4105.4,162
2026-07-22 18:00:20.428,4103.7,4120,4102,4111.4,22
2026-07-22 18:00:20.552,4109.7,4126,4108,4117.4,7
2026-07-22 18:28:05.552,4115.7,4132,4114,4123.4,5564
2026-07-22 20:27:36.928,4121.7,4138,4119.1,4129.2,19534
2026-07-23 03:09:09.720,4127.6,4144,4114,4124.9,58636
2026-07-23 03:12:00.572,4125.5,4126,4108,4116.9,1145
2026-07-23 03:42:16.936,4118.4,4120,4102,4110.6,6294
2026-07-23 03:43:06.604,4112.3,4114,4096,4104.6,755
2026-07-23 04:48:44.520,4106.3,4108,4090,4098.6,11406
2026-07-23 07:24:04.460,4100.3,4102.2,4084,4092.6,17912
2026-07-23 07:41:03.744,4094.3,4096,4078,4086.6,3863
2026-07-23 08:30:23.164,4088.3,4092.5,4072,4081.2,13679
2026-07-23 08:48:22.148,4082.6,4084,4066,4074.6,8224
2026-07-23 09:01:31.092,4076.3,4078,4060,4068.6,4786
2026-07-23 09:06:13.632,4070.3,4072,4054,4062.6,3362
2026-07-23 09:08:28.104,4064.3,4066,4048,4056.6,3267
2026-07-23 16:59:58.072,4058.3,4070.6,4042.3,4055.9,97773
2026-07-23 20:09:42.804,4052.9,4053.9,4046.9,4050.1,8712
2026-07-23 21:04:18.676,4054.5,4058.9,4040.9,4048.8,8887
2026-07-23 22:48:43.196,4050.9,4053.2,4034.9,4043.5,15294
2026-07-23 22:49:41.988,4045.2,4046.9,4028.9,4037.5,1246
2026-07-24 03:27:29.044,4039.2,4052.9,4023.4,4042.1,38769
2026-07-24 04:51:50.432,4041.5,4058.9,4040.9,4050,11477
2026-07-24 06:18:15.836,4048.5,4064.9,4046.9,4056.3,10985
2026-07-24 09:59:16.920,4054.6,4070.9,4046.7,4060.8,39558
2026-07-24 11:11:11.648,4059.8,4076.9,4058.2,4068,22487
2026-07-24 11:15:55.212,4066.4,4082.9,4064.9,4074.3,4009
2026-07-24 14:23:06.660,4072.6,4085.2,4058.9,4068.9,31382
2026-07-24 15:15:45.156,4069.9,4070.9,4052.9,4061.6,8432
2026-07-24 16:59:59.376,4063.3,4064.9,4051.3,4058.7,7855
2026-07-26 18:00:00.812,4095,4101,4093.2,4097.6,329
2026-07-26 18:00:00.868,4093.3,4107,4089,4099.1,32
2026-07-26 20:11:09.176,4097,4113,4086.1,4102.3,21730
2026-07-26 20:14:06.524,4101.6,4119,4101,4110.2,1854
2026-07-26 20:27:30.676,4108.6,4119.5,4095,4104.5,5231
2026-07-26 23:26:38.096,4105.8,4114.8,4089,4099.6,30442
2026-07-27 08:55:51.760,4100.3,4108.2,4083,4093.6,67957
2026-07-27 09:56:45.464,4094.3,4095,4077,4085.8,20181
2026-07-27 10:28:15.140,4087.4,4089,4071,4079.6,11452
2026-07-27 12:37:07.596,4081.3,4095,4067,4084.6,29980
2026-07-27 16:59:58.088,4083.8,4095.8,4072.2,4082.7,28488
2026-07-27 18:22:48.988,4141.4,4144,4135.4,4139,352
2026-07-27 20:03:32.908,4143.2,4147.4,4129.4,4137.4,817
2026-07-27 20:05:04.848,4139.4,4141.4,4123.4,4131.9,123
2026-07-27 21:00:00.020,4133.6,4135.4,4117.4,4126,902
2026-07-27 21:21:06.716,4127.7,4129.4,4111.4,4120,577
2026-07-27 21:33:55.684,4121.7,4123.4,4105.4,4114,488
2026-07-28 01:00:11.412,4115.7,4117.4,4099.4,4108,2841
2026-07-28 05:35:24.280,4109.7,4115.4,4093.4,4103,2916
2026-07-28 05:57:41.904,4104.2,4105.4,4087.4,4096.1,423
2026-07-28 05:57:42.220,4097.7,4099.4,4081.4,4090,50
2026-07-28 10:21:12.328,4091.7,4097.5,4075.4,4085,5819
2026-07-28 11:20:28.168,4086.2,4099.4,4070.7,4088.9,2416
2026-07-28 11:53:00.024,4088.2,4105.4,4087.4,4096.6,1271
2026-07-28 15:26:42.972,4095,4107.2,4081.4,4091.2,3672
2026-07-28 16:59:35.644,4092.3,4093.4,4081.1,4088.7,835
2026-07-28 18:00:00.436,4082,4088,4082,4085,13
2026-07-28 22:24:45.908,4080.5,4094,4069.2,4084.4,28619
2026-07-29 02:24:38.464,4083.2,4100,4078.5,4090.4,17862
2026-07-29 03:22:35.792,4089.2,4106,4088,4097.3,4522
2026-07-29 08:16:31.672,4095.7,4106.7,4082,4091.6,19482
2026-07-29 08:20:24.340,4092.8,4094,4076,4084.7,2133
2026-07-29 08:30:03.584,4086.3,4088,4070,4078.6,3083
2026-07-29 09:56:40.272,4080.3,4085,4064,4073.3,25483
2026-07-29 10:08:42.388,4074.7,4076,4058,4066.7,5078
2026-07-29 12:52:45.816,4068.3,4082,4053.8,4071.5,31710
2026-07-29 12:55:37.100,4070.8,4088,4070,4079.2,1076
2026-07-29 13:04:15.844,4077.6,4094,4076,4085.4,3859
2026-07-29 13:11:56.596,4083.7,4100,4082,4091.4,3348
2026-07-29 13:13:21.068,4089.7,4106,4088,4097.4,779
2026-07-29 14:00:01.016,4095.7,4112,4094,4103.4,12558
2026-07-29 14:00:01.020,4101.7,4118,4100,4109.4,75
2026-07-29 14:00:11.028,4107.7,4124,4106,4115.4,1
2026-07-29 14:00:11.032,4113.7,4130,4112,4121.4,136
2026-07-29 14:00:11.040,4119.7,4136,4118,4127.4,14
2026-07-29 14:00:11.136,4125.7,4142,4124,4133.4,95
2026-07-29 14:00:11.344,4131.7,4148,4130,4139.4,122
2026-07-29 14:00:11.388,4137.7,4154,4136,4145.4,81
2026-07-29 14:00:18.860,4143.7,4158,4130,4140.4,430
2026-07-29 14:25:52.924,4141.2,4147,4124,4134.1,19796
2026-07-29 14:31:33.388,4135,4136,4118,4126.8,2275
2026-07-29 14:32:26.456,4128.4,4130,4112,4120.6,1239
2026-07-29 14:41:03.212,4122.3,4136,4111,4126.3,5772
2026-07-29 14:43:42.652,4125.2,4142,4124,4133.3,1753
2026-07-29 14:46:22.716,4131.6,4148,4130,4139.4,1926
2026-07-29 14:47:44.548,4137.7,4154,4136,4145.4,1557
2026-07-29 14:49:40.732,4143.7,4160,4142,4151.4,2171
2026-07-29 14:54:03.384,4149.7,4166,4148,4157.4,4338
2026-07-29 15:01:41.036,4155.7,4172,4154,4163.4,5618
2026-07-29 15:21:12.280,4161.7,4176.6,4148,4158.6,11363
2026-07-29 15:26:13.148,4159.3,4160,4142,4150.8,2623
2026-07-29 15:33:18.892,4152.4,4154,4136,4144.6,3023
2026-07-29 15:33:45.848,4146.3,4148,4130,4138.6,589
2026-07-29 15:51:32.660,4140.3,4142,4124,4132.6,6834
2026-07-29 15:55:17.204,4134.3,4136,4118,4126.6,1459
2026-07-29 15:57:34.920,4128.3,4130,4112,4120.6,1188
2026-07-29 15:59:00.772,4122.3,4124,4106,4114.6,832
2026-07-29 16:59:59.704,4116.3,4128.8,4102.3,4118.5,9817
2026-07-29 18:04:10.820,4126.5,4132.5,4120.9,4128.1,660
2026-07-29 18:44:46.944,4124.3,4138.5,4120.5,4130.4,5656
2026-07-29 18:55:51.148,4128.5,4144.5,4126.5,4136,1570
2026-07-29 19:03:34.112,4134.2,4150.5,4132.5,4141.9,1381
2026-07-29 19:08:34.384,4140.2,4156.5,4138.5,4147.9,1039
2026-07-29 20:26:37.068,4146.2,4158.2,4132.5,4142.4,11207
2026-07-29 20:39:41.572,4143.4,4144.5,4126.5,4135.2,2624
2026-07-29 21:06:54.432,4136.9,4150.5,4122.2,4140,7850
2026-07-29 22:57:22.328,4139.3,4151,4126.5,4135.8,19003
2026-07-29 22:59:50.336,4137.2,4138.5,4120.5,4129.2,770
2026-07-29 23:19:25.076,4130.8,4132.5,4114.5,4123.1,3499
2026-07-29 23:36:41.056,4124.8,4126.5,4108.5,4117.1,3337
2026-07-30 00:50:42.588,4118.8,4120.5,4102.5,4111.1,7999
2026-07-30 01:18:33.672,4112.8,4114.5,4096.5,4105.1,3758
2026-07-30 01:37:48.112,4106.8,4108.5,4090.5,4099.1,4258
2026-07-30 04:19:49.896,4100.8,4114.5,4084.6,4103.6,26801
2026-07-30 04:23:47.060,4103,4120.5,4102.5,4111.6,1176
2026-07-30 04:31:24.748,4110.1,4126.5,4108.5,4117.9,2289
2026-07-30 06:10:22.872,4116.2,4132.5,4114.5,4123.9,16295
2026-07-30 06:35:43.672,4122.2,4138.5,4120.5,4129.9,4508
2026-07-30 08:30:17.940,4128.2,4144.5,4126.5,4135.9,15965
2026-07-30 09:37:52.800,4134.2,4150.5,4123.4,4139.7,22944
2026-07-30 09:38:29.488,4139.1,4156.5,4138.5,4147.6,1490
2026-07-30 09:55:02.596,4146.1,4162.5,4143.5,4153.6,13335
2026-07-30 09:59:01.656,4152.1,4168.5,4150.5,4159.9,2726
2026-07-30 10:00:27.072,4158.2,4174.5,4156.5,4165.9,2182
2026-07-30 10:19:09.216,4164.2,4180.2,4150.5,4161.4,16357
2026-07-30 11:12:25.016,4161.9,4172.7,4144.5,4155.9,21294
2026-07-30 11:55:21.608,4156.2,4168.5,4142,4158.8,10554
2026-07-30 12:04:14.788,4157.7,4174.5,4156.5,4165.8,2803
2026-07-30 16:59:59.796,4164.1,4178.6,4157,4165.5,38518
2026-07-30 18:38:52.088,4162.6,4168.6,4160,4165,3008
2026-07-30 21:36:37.820,4160.8,4170.3,4144.6,4155.1,20841
2026-07-30 22:15:46.304,4155.8,4156.6,4138.6,4147.4,5700
2026-07-30 22:51:34.412,4149,4150.6,4132.6,4141.2,4241
2026-07-31 03:34:23.308,4142.9,4145.2,4126.6,4135.3,27981
2026-07-31 04:04:26.280,4137,4138.6,4120.6,4129.2,4243
2026-07-31 04:31:12.980,4130.9,4132.6,4114.6,4123.2,4882
2026-07-31 05:24:17.068,4124.9,4126.6,4108.6,4117.2,8056
2026-07-31 08:30:01.112,4118.9,4120.6,4102.6,4111.2,19818
2026-07-31 08:50:11.596,4112.9,4114.6,4096.6,4105.2,5893
2026-07-31 09:14:21.880,4106.9,4108.6,4090.6,4099.2,7642
2026-07-31 09:39:33.252,4100.9,4103.2,4084.6,4093.3,10569
2026-07-31 09:43:18.040,4095,4096.6,4078.6,4087.2,3061
2026-07-31 10:53:06.568,4088.9,4102.6,4076.5,4092.6,22696
2026-07-31 11:15:32.664,4091.6,4108.6,4090.6,4099.9,7283
2026-07-31 16:59:57.776,4098.2,4111.8,4092.9,4100.5,37671
2026-08-02 18:00:03.484,4134.2,4140.2,4131.1,4136.4,392
2026-08-02 20:37:19.504,4132.3,4142,4116.2,4126.7,20904
2026-08-02 21:00:02.024,4127.4,4128.2,4110.2,4119,4113
2026-08-02 21:16:33.084,4120.6,4122.2,4104.2,4112.8,4508
2026-08-03 08:43:40.400,4114.5,4127.3,4098.2,4109.6,69550
2026-08-03 09:17:38.712,4109.9,4110.2,4092.2,4101.1,8559
2026-08-03 09:31:09.716,4102.7,4104.2,4086.2,4094.8,4688
2026-08-03 09:37:07.072,4096.5,4098.2,4080.2,4088.8,2655
2026-08-03 09:38:10.652,4090.5,4092.2,4074.2,4082.8,1414
2026-08-03 14:45:56.028,4084.5,4098.2,4074,4088.7,39574
2026-08-03 15:01:17.940,4087.5,4104.2,4086.2,4095.5,1835
2026-08-03 15:28:04.036,4093.9,4110.2,4092.2,4101.6,3163
2026-08-03 16:59:59.700,4099.9,4114.4,4098.2,4105.9,5943
2026-08-03 20:01:28.380,4109.6,4115.6,4104.7,4111.4,6834
2026-08-03 20:09:10.564,4107.5,4121.6,4103.6,4113.6,1603
2026-08-04 04:03:41.004,4111.6,4127.6,4097.9,4116.2,48328
2026-08-04 05:35:28.080,4115.9,4129.5,4103.6,4113.1,10771
2026-08-04 07:47:12.832,4114.4,4127.6,4101.2,4117.7,14912
2026-08-04 07:48:05.980,4116.6,4133.6,4115.6,4124.9,1282
2026-08-04 07:52:04.088,4123.2,4139.6,4121.6,4131,2695
2026-08-04 09:23:39.100,4129.3,4145.6,4117.6,4134.5,30892
2026-08-04 13:00:36.584,4134.1,4151.6,4130.2,4141.9,55057
2026-08-04 13:04:10.808,4140.7,4157.6,4139.6,4148.9,1662
2026-08-04 13:06:18.052,4147.2,4163.6,4145.6,4155,1156
2026-08-04 14:34:59.600,4153.3,4163.8,4139.6,4149.1,12897
2026-08-04 14:41:30.620,4150.3,4151.6,4133.6,4142.3,1499
2026-08-04 16:59:57.376,4143.9,4145.6,4131.2,4138.9,10805
2026-08-04 18:39:56.636,4134.8,4140.8,4132,4137.1,2476
2026-08-04 21:40:14.072,4133,4146.8,4121.7,4137.1,23482
2026-08-04 21:55:08.788,4135.9,4152.8,4134.8,4144.1,2546
2026-08-04 22:01:26.128,4142.4,4158.8,4140.8,4150.2,2107
2026-08-04 22:25:50.168,4148.5,4164.8,4146.8,4156.2,4570
2026-08-04 22:37:36.220,4154.5,4170.8,4152.8,4162.2,3915
2026-08-04 22:37:54.196,4160.5,4176.8,4158.8,4168.2,525
2026-08-04 22:41:40.616,4166.5,4182.8,4164.8,4174.2,3399
2026-08-04 22:54:38.772,4172.5,4188.8,4170.8,4180.2,5775
2026-08-05 00:06:14.196,4178.5,4194.8,4176.8,4186.2,12058
2026-08-05 01:30:02.540,4184.5,4200.8,4182.8,4192.2,10484
2026-08-05 01:37:03.104,4190.5,4206.8,4188.8,4198.2,2734
2026-08-05 01:41:25.824,4196.5,4212.8,4194.8,4204.2,2501
2026-08-05 01:44:20.912,4202.5,4218.8,4200.8,4210.2,1642
2026-08-05 01:46:53.568,4208.5,4224.8,4206.8,4216.2,2415
2026-08-05 01:47:02.300,4214.5,4230.8,4212.8,4222.2,869
2026-08-05 02:36:54.112,4220.5,4236.8,4218.8,4228.2,16572
2026-08-05 05:56:52.180,4226.5,4238.9,4212.8,4222.8,29821
2026-08-05 07:28:02.408,4223.8,4236.8,4209.1,4226.6,12751
2026-08-05 07:36:07.796,4225.7,4242.8,4224.8,4234,3737
2026-08-05 07:52:57.236,4232.4,4248.8,4230.8,4240.2,6003
2026-08-05 08:04:36.008,4238.5,4254.8,4236.8,4246.2,3355
2026-08-05 08:15:33.580,4244.5,4260.8,4242.8,4252.2,4295
2026-08-05 08:17:42.336,4250.5,4266.8,4248.8,4258.2,1306
2026-08-05 08:23:00.836,4256.5,4272.8,4254.8,4264.2,3333
2026-08-05 08:53:25.248,4262.5,4273.4,4248.8,4258.4,13106
2026-08-05 10:05:06.840,4259.6,4272.8,4243.3,4262.1,33579
2026-08-05 10:05:30.128,4261.5,4278.8,4260.8,4270,1140
2026-08-05 10:08:05.980,4268.4,4284.8,4266.8,4276.2,2813
2026-08-05 10:10:47.400,4274.5,4290.8,4272.8,4282.2,2604
2026-08-05 10:19:05.324,4280.5,4296.8,4278.8,4288.2,6348
2026-08-05 10:44:55.160,4286.5,4302.8,4284.8,4294.2,15185
2026-08-05 11:00:47.944,4292.5,4308.8,4290.8,4300.2,9022
2026-08-05 11:02:42.484,4298.5,4314.8,4296.8,4306.2,1752
2026-08-05 11:11:02.128,4304.5,4320.8,4302.8,4312.2,5596
2026-08-05 11:57:05.844,4310.5,4325.7,4296.8,4307.5,18329
2026-08-05 12:00:14.152,4308.1,4308.8,4290.8,4299.6,2632
2026-08-05 14:02:27.560,4301.2,4314.8,4285.1,4304,29682
2026-08-05 14:21:05.200,4303.4,4320.8,4302.8,4311.9,3494
2026-08-05 14:23:38.328,4310.4,4326.8,4308.8,4318.2,1177
2026-08-05 16:59:58.076,4316.5,4328.3,4303.9,4314.2,19768
2026-08-05 18:01:23.656,4307.5,4313.5,4303,4309.4,258
2026-08-05 19:18:28.188,4305.4,4319.5,4301.5,4311.5,5916
2026-08-05 19:35:07.592,4309.5,4325.5,4307.5,4317,2712
2026-08-05 19:35:16.136,4315.2,4331.5,4313.5,4322.9,552
2026-08-05 19:37:59.928,4321.2,4337.5,4319.5,4328.9,1919
2026-08-05 20:24:27.944,4327.2,4343.5,4323.3,4334.4,13380
2026-08-05 20:35:14.388,4332.9,4349.5,4331.5,4340.9,4133
2026-08-05 20:54:13.108,4339.2,4355.5,4337.5,4346.9,6394
2026-08-05 21:01:28.000,4345.2,4361.5,4343.5,4352.9,3314
2026-08-05 21:21:32.976,4351.2,4362.6,4337.5,4347.2,9959
2026-08-05 22:05:39.268,4348.4,4361.5,4332.2,4350.9,16206
2026-08-05 22:48:54.840,4350.2,4363.8,4337.5,4347.2,10281
2026-08-05 23:15:20.332,4348.4,4349.5,4331.5,4340.2,4674
2026-08-05 23:17:40.100,4341.9,4343.5,4325.5,4334.1,1102
2026-08-05 23:46:33.124,4335.8,4337.5,4319.5,4328.1,5166
2026-08-06 00:29:19.200,4329.8,4331.5,4313.5,4322.1,6387
2026-08-06 01:30:05.108,4323.8,4325.5,4307.5,4316.1,7783
2026-08-06 04:31:36.292,4317.8,4331.5,4306,4321.7,27483
2026-08-06 04:59:21.468,4320.6,4337.5,4319.5,4328.8,3754
2026-08-06 05:23:18.692,4327.1,4343.5,4325.5,4334.9,3880
2026-08-06 07:24:01.480,4333.2,4344,4319.5,4329.1,13670
2026-08-06 07:52:33.160,4330.3,4331.5,4313.5,4322.2,4494
2026-08-06 08:59:25.508,4323.8,4330.2,4307.5,4317.3,16998
2026-08-06 09:06:31.892,4318.4,4319.5,4301.5,4310.2,3682
2026-08-06 09:09:11.044,4311.9,4313.5,4295.5,4304.1,2073
2026-08-06 09:09:44.488,4305.8,4307.5,4289.5,4298.1,1367
2026-08-06 09:36:21.248,4299.8,4313.5,4288.2,4303.7,12253
2026-08-06 09:38:34.136,4302.6,4319.5,4301.5,4310.8,1692
2026-08-06 09:41:18.652,4309.1,4325.5,4307.5,4316.9,2389
2026-08-06 09:43:39.360,4315.2,4331.5,4313.5,4322.9,1973
2026-08-06 11:34:59.828,4321.2,4336.1,4307.5,4318.1,38331
2026-08-06 11:53:23.248,4318.8,4319.5,4301.5,4310.3,5450
2026-08-06 11:54:25.244,4311.9,4313.5,4295.5,4304.1,1122
2026-08-06 11:55:30.604,4305.8,4307.5,4289.5,4298.1,1204
2026-08-06 12:16:27.632,4299.8,4301.5,4283.5,4292.1,8671
2026-08-06 14:09:19.916,4293.8,4307.5,4280.8,4297.4,19179
2026-08-06 16:59:58.444,4296.4,4310,4292,4299.3,17387
2026-08-06 19:19:34.344,4298.6,4304.6,4293.8,4300.4,4312
2026-08-06 19:52:41.948,4296.5,4310.6,4292.6,4302.6,2844
2026-08-06 21:44:20.080,4300.6,4316.6,4287.2,4305.2,22595
2026-08-06 23:58:06.320,4304.9,4322.6,4304.6,4313.7,20168
2026-08-07 01:10:51.904,4312.1,4328.6,4310.6,4320,9110
2026-08-07 01:34:29.036,4318.3,4334.6,4316.6,4326,3839
2026-08-07 02:04:35.400,4324.3,4340.6,4322.6,4332,6295
2026-08-07 02:11:55.384,4330.3,4346.6,4328.6,4338,1708
2026-08-07 02:41:15.040,4336.3,4352.6,4334.6,4344,8464
2026-08-07 04:13:14.004,4342.3,4358.6,4340.6,4350,17022
2026-08-07 04:33:52.640,4348.3,4364.6,4346.6,4356,4316
2026-08-07 04:33:54.384,4354.3,4370.6,4352.6,4362,865
2026-08-07 05:43:28.988,4360.3,4376.6,4358.6,4368,13919
2026-08-07 07:03:53.836,4366.3,4382.6,4364.6,4374,14223
2026-08-07 08:29:46.464,4372.3,4387.2,4358.6,4369.2,21244
2026-08-07 08:29:46.688,4369.9,4370.6,4352.6,4361.4,315
2026-08-07 08:30:01.216,4363,4376.6,4348.7,4366.2,761
2026-08-07 08:30:01.216,4365.4,4382.6,4364.6,4373.8,66
2026-08-07 08:30:01.228,4372.2,4388.6,4370.6,4380,110
2026-08-07 08:30:01.452,4378.3,4394.6,4376.6,4386,145
2026-08-07 08:30:07.032,4384.3,4400.6,4382.6,4392,639
2026-08-07 08:30:07.368,4390.3,4406.6,4388.6,4398,194
2026-08-07 08:30:10.304,4396.3,4412.6,4394.6,4404,489
2026-08-07 08:31:28.600,4402.3,4418.6,4400.6,4410,3944
2026-08-07 08:34:51.448,4408.3,4424.6,4406.6,4416,6419
2026-08-07 08:43:48.416,4414.3,4430.6,4412.2,4421.9,10482
2026-08-07 09:06:09.900,4420.3,4432.4,4406.6,4416.5,17661
2026-08-07 09:18:05.664,4417.5,4418.6,4400.6,4409.3,5173
2026-08-07 09:39:27.084,4411,4424.6,4398.8,4414.7,13320
2026-08-07 10:02:18.316,4413.7,4428.7,4400.6,4410.9,12556
2026-08-07 10:04:09.272,4411.7,4412.6,4394.6,4403.4,1662
2026-08-07 10:12:17.540,4405,4406.6,4388.6,4397.2,6720
2026-08-07 10:27:56.056,4398.9,4412.6,4386.5,4402.6,8879
2026-08-07 11:23:54.860,4401.6,4418.6,4399.6,4409.6,17605
2026-08-07 12:25:32.792,4408.1,4418.7,4394.6,4404,14379
2026-08-07 13:00:05.468,4405.3,4406.6,4388.6,4397.3,6676
